<?xml version="1.0"?><tsung loglevel="notice">
  <clients>
    <client host="localhost" maxusers="130000" use_controller_vm="true"/>
  </clients>

  <servers>
    <server host="kerem3.eba-8zhfquyf.us-west-2.elasticbeanstalk.com" port="80" type="tcp"/>
  </servers>

  <load>
    <arrivalphase phase="1" duration="200" unit="second" wait_all_sessions_end="true">
      <users arrivalrate="10" unit="second"/>
    </arrivalphase>
    <arrivalphase phase="2" duration="200" unit="second" wait_all_sessions_end="true">
      <users arrivalrate="20" unit="second"/>
    </arrivalphase>
    <arrivalphase phase="3" duration="200" unit="second" wait_all_sessions_end="true">
      <users arrivalrate="40" unit="second"/>
    </arrivalphase>
    <arrivalphase phase="4" duration="200" unit="second" wait_all_sessions_end="true">
      <users arrivalrate="80" unit="second"/>
    </arrivalphase>
    <arrivalphase phase="5" duration="200" unit="second" wait_all_sessions_end="true">
      <users arrivalrate="160" unit="second"/>
    </arrivalphase>
  </load>

  <options>
    <option name="global_ack_timeout" value="2000"/>
  </options>

  <sessions>
    <session name="main" type="ts_http" weight="1">
      <transaction name="browse">
        <request> <http url="/" version="1.1" method="GET"/> </request>

        <for from="1" to="15" incr="1" var="counter">
          <thinktime value="2" random="true"/>
          <request subst="true"> <http url="/?page=%%_counter%%" version="1.1" method="GET"/> </request>
        </for>

      </transaction>
    </session>
  </sessions>
</tsung>
