<?xml version="1.0"?><tsung loglevel="notice">
  <clients>
    <client host="localhost" maxusers="130000" use_controller_vm="true"/>
  </clients>

  <servers>
    <server host="kokiHor10Vert2.eba-8zhfquyf.us-west-2.elasticbeanstalk.com" port="80" type="tcp"/>
  </servers>

  <load>
    <arrivalphase phase="1" duration="200" unit="second" wait_all_sessions_end="true">
      <users arrivalrate="5" unit="second"/>
    </arrivalphase>
    <arrivalphase phase="2" duration="200" unit="second" wait_all_sessions_end="true">
      <users arrivalrate="10" unit="second"/>
    </arrivalphase>
    <arrivalphase phase="3" duration="200" unit="second" wait_all_sessions_end="true">
      <users arrivalrate="20" unit="second"/>
    </arrivalphase>
    <arrivalphase phase="4" duration="200" unit="second" wait_all_sessions_end="true">
      <users arrivalrate="40" unit="second"/>
    </arrivalphase>
    <arrivalphase phase="5" duration="200" unit="second" wait_all_sessions_end="true">
      <users arrivalrate="80" unit="second"/>
    </arrivalphase>
    <arrivalphase phase="6" duration="200" unit="second" wait_all_sessions_end="true">
      <users arrivalrate="100" unit="second"/>
    </arrivalphase>
    <arrivalphase phase="7" duration="200" unit="second" wait_all_sessions_end="true">
      <users arrivalrate="150" unit="second"/>
    </arrivalphase>
    <arrivalphase phase="8" duration="200" unit="second" wait_all_sessions_end="true">
      <users arrivalrate="200" unit="second"/>
    </arrivalphase>
    <arrivalphase phase="9" duration="200" unit="second" wait_all_sessions_end="true">
      <users arrivalrate="300" unit="second"/>
    </arrivalphase>
     <arrivalphase phase="10" duration="200" unit="second" wait_all_sessions_end="true">
      <users arrivalrate="400" unit="second"/>
    </arrivalphase>
  </load>

  <options>
    <option name="global_ack_timeout" value="2000"/>
    
  </options>

  <sessions>
    <session name="manage" weight="1" type="ts_http">
      <transaction name="provider">

        <setdynvars sourcetype="random_number" start="1" end="99">
          <var name="user_id"/>
        </setdynvars>

        <request> <http url="/" version="1.1" method="GET"/> </request>
        <request> <http url="/login" version="1.1" method="GET"/> </request>
        
        <thinktime value="2" random="true"/>
        <request subst="true">
          <http url="/login" method="POST" version="1.1" contents="login[username]=test_user_%%_user_id%%&amp;                 login[password]=password&amp;                 commit=Log+in" content_type="application/x-www-form-urlencoded"/>
        </request>

        <request> 
          <http url="/" version="1.1" method="GET"/> 
        </request>
        
        <request> <http url="/appointments" version="1.1" method="GET"/>  </request>
        <request> <http url="/appointments?view=provider" version="1.1" method="GET"/>  </request>
        
        <request>
          <http url="/logout" method="POST" version="1.1" contents="_method=delete" content_type="application/x-www-form-urlencoded"/>
        </request>

      </transaction>
    </session>
  </sessions>
</tsung>
